ds,y,moving_avg
2015-01-02,24.288572311401367,24.0588680267334
2015-01-05,23.60433578491211,24.0588680267334
2015-01-06,23.606557846069336,24.0588680267334
2015-01-07,23.93756866455078,24.0588680267334
2015-01-08,24.8573055267334,24.0588680267334
2015-01-09,24.88396453857422,24.177946472167967
2015-01-12,24.270801544189453,24.311239624023436
2015-01-13,24.486299514770508,24.487187957763673
2015-01-14,24.39299201965332,24.57827262878418
2015-01-15,23.730960845947266,24.353003692626952
2015-01-16,23.546567916870117,24.085524368286134
2015-01-20,24.15306282043457,24.061976623535156
2015-01-21,24.33745574951172,24.032207870483397
2015-01-22,24.970609664916992,24.147731399536134
2015-01-23,25.099458694458008,24.42143096923828
2015-01-26,25.126115798950195,24.7373405456543
2015-01-27,24.246370315551758,24.756002044677736
2015-01-28,25.617090225219727,25.011928939819335
2015-01-29,26.414640426635742,25.300735092163087
2015-01-30,26.02808380126953,25.48646011352539
2015-02-02,26.354652404785156,25.732167434692382
2015-02-03,26.359100341796875,26.154713439941407
2015-02-04,26.56125831604004,26.343547058105468
2015-02-05,26.750839233398438,26.410786819458007
2015-02-06,26.525577545166016,26.510285568237304
2015-02-09,26.701778411865234,26.57971076965332
2015-02-10,27.214754104614258,26.750841522216795
2015-02-11,27.852628707885742,27.009115600585936
2015-02-12,28.205036163330078,27.299954986572267
2015-02-13,28.343313217163086,27.66350212097168
2015-02-17,28.510591506958008,28.025264739990234
2015-02-18,28.70909881591797,28.324133682250977
2015-02-19,28.64887046813965,28.48338203430176
2015-02-20,28.88304901123047,28.618984603881835
2015-02-23,29.663681030273438,28.883058166503908
2015-02-24,29.478565216064453,29.076652908325194
2015-02-25,28.72469711303711,29.079772567749025
2015-02-26,29.088253021240234,29.16764907836914
2015-02-27,28.65110206604004,29.121259689331055
2015-03-02,28.791614532470703,28.946846389770506
2015-03-03,28.85183334350586,28.82150001525879
2015-03-04,28.6689395904541,28.810348510742188
2015-03-05,28.193883895874023,28.631474685668945
2015-03-06,28.236257553100586,28.548505783081055
2015-03-09,28.35669708251953,28.46152229309082
2015-03-10,27.770116806030273,28.245178985595704
2015-03-11,27.26382064819336,27.964155197143555
2015-03-12,27.756729125976562,27.876724243164062
2015-03-13,27.564916610717773,27.7424560546875
2015-03-16,27.868249893188477,27.64476661682129
2015-03-17,28.334396362304688,27.757622528076173
2015-03-18,28.653337478637695,28.03552589416504
2015-03-19,28.436994552612305,28.17157897949219
2015-03-20,28.08013916015625,28.274623489379884
2015-03-23,28.372304916381836,28.375434494018556
2015-03-24,28.25632667541504,28.359820556640624
2015-03-25,27.518077850341797,28.132768630981445
2015-03-26,27.70989227294922,27.98734817504883
2015-03-27,27.489089965820312,27.869138336181642
2015-03-30,28.184961318969727,27.83166961669922
2015-03-31,27.752273559570312,27.730858993530273
2015-04-01,27.712125778198242,27.769668579101562
2015-04-02,27.950769424438477,27.817844009399415
2015-04-06,28.403535842895508,28.000733184814454
2015-04-07,28.10466766357422,27.98467445373535
2015-04-08,28.013229370117188,28.036865615844725
2015-04-09,28.22733497619629,28.139907455444337
2015-04-10,28.34777069091797,28.219307708740235
2015-04-13,28.29201316833496,28.197003173828126
2015-04-14,28.169349670410156,28.209939575195314
2015-04-15,28.27640151977539,28.262574005126954
2015-04-16,28.14035415649414,28.245177841186525
2015-04-17,27.82364273071289,28.140352249145508
2015-04-20,28.45928382873535,28.173806381225585
2015-04-21,28.30539321899414,28.201015090942384
2015-04-22,28.686790466308594,28.283092880249022
2015-04-23,28.920970916748047,28.439216232299806
2015-04-24,29.057031631469727,28.685894012451172
2015-04-27,29.585615158081055,28.911160278320313
2015-04-28,29.11948013305664,29.073977661132812
2015-04-29,28.691247940063477,29.07486915588379
2015-04-30,27.912853240966797,28.873245620727538
2015-05-01,28.76038932800293,28.81391716003418
2015-05-04,28.704626083374023,28.637719345092773
2015-05-05,28.057825088500977,28.42538833618164
2015-05-06,27.88163185119629,28.263465118408202
2015-05-07,28.0540828704834,28.291711044311523
2015-05-08,28.582653045654297,28.256163787841796
2015-05-11,28.291494369506836,28.17353744506836
2015-05-12,28.190706253051758,28.200113677978514
2015-05-13,28.222064971923828,28.268200302124022
2015-05-14,28.880523681640625,28.43348846435547
2015-05-15,28.8402099609375,28.48499984741211
2015-05-18,29.158239364624023,28.658348846435548
2015-05-19,29.131364822387695,28.846480560302734
2015-05-20,29.12912940979004,29.027893447875975
2015-05-21,29.426998138427734,29.137188339233397
2015-05-22,29.684560775756836,29.306058502197267
2015-05-26,29.030576705932617,29.280525970458985
2015-05-27,29.57257652282715,29.368768310546876
2015-05-28,29.514354705810547,29.445813369750976
2015-05-29,29.17840003967285,29.39609375
2015-06-01,29.236623764038086,29.30650634765625
2015-06-02,29.106735229492188,29.321738052368165
2015-06-03,29.142555236816406,29.235733795166016
2015-06-04,28.972347259521484,29.127332305908205
2015-06-05,28.813329696655273,29.054318237304688
2015-06-08,28.622961044311523,28.931585693359374
2015-06-09,28.53785514831543,28.817809677124025
2015-06-10,28.864843368530273,28.762267303466796
2015-06-11,28.799890518188477,28.727775955200194
2015-06-12,28.481861114501953,28.66148223876953
2015-06-15,28.425872802734375,28.6220645904541
2015-06-16,28.578161239624023,28.63012580871582
2015-06-17,28.51097869873047,28.55935287475586
2015-06-18,28.640880584716797,28.527550888061523
2015-06-19,28.354198455810547,28.50201835632324
2015-06-22,28.580406188964844,28.532925033569335
2015-06-23,28.450502395629883,28.507393264770506
2015-06-24,28.692394256591797,28.543676376342773
2015-06-25,28.55577850341797,28.52665596008301
2015-06-26,28.387792587280273,28.533374786376953
2015-06-29,27.890588760375977,28.39541130065918
2015-06-30,28.0921573638916,28.323742294311522
2015-07-01,28.354198455810547,28.256103134155275
2015-07-02,28.318361282348633,28.208619689941408
2015-07-06,28.219820022583008,28.175025177001952
2015-07-07,28.150392532348633,28.226985931396484
2015-07-08,27.451614379882812,28.098877334594725
2015-07-09,26.89169692993164,27.806377029418947
2015-07-10,27.610626220703125,27.664830017089844
2015-07-13,28.143672943115234,27.64960060119629
2015-07-14,28.132478713989258,27.646017837524415
2015-07-15,28.403472900390625,27.836389541625977
2015-07-16,28.781978607177734,28.214445877075196
2015-07-17,29.030576705932617,28.498435974121094
2015-07-20,29.579309463500977,28.785563278198243
2015-07-21,29.283660888671875,29.015799713134765
2015-07-22,28.045129776000977,28.944131088256835
2015-07-23,28.031694412231445,28.794074249267577
2015-07-24,27.88387107849121,28.5647331237793
2015-07-27,27.49640655517578,28.148152542114257
2015-07-28,27.633024215698242,27.818025207519533
2015-07-29,27.54568099975586,27.71813545227051
2015-07-30,27.40682029724121,27.59316062927246
2015-07-31,27.167179107666016,27.449822235107423
2015-08-03,26.52663803100586,27.25586853027344
2015-08-04,25.675561904907227,26.864376068115234
2015-08-05,25.84577178955078,26.524394226074218
2015-08-06,25.902019500732422,26.223434066772462
2015-08-07,25.989757537841797,25.987949752807616
2015-08-10,26.934682846069336,26.069558715820314
2015-08-11,25.533048629760742,26.041056060791014
2015-08-12,25.9267635345459,26.05725440979004
2015-08-13,25.906518936157227,26.058154296875
2015-08-14,26.088747024536133,26.077952194213868
2015-08-17,26.358732223510742,25.962762069702148
2015-08-18,26.210243225097656,26.09820098876953
2015-08-19,25.87501335144043,26.087850952148436
2015-08-20,25.344070434570312,25.975361251831053
2015-08-21,23.793949127197266,25.51640167236328
2015-08-24,23.200000762939453,24.884655380249022
2015-08-25,23.3394832611084,24.31050338745117
2015-08-26,24.678119659423828,24.071124649047853
2015-08-27,25.40480613708496,24.083271789550782
2015-08-28,25.48805046081543,24.422092056274415
2015-08-31,25.368812561035156,24.855854415893553
2015-09-01,24.234914779663086,25.034940719604492
2015-09-02,25.27432632446289,25.154182052612306
2015-09-03,24.831113815307617,25.039443588256837
2015-09-04,24.58363151550293,24.858559799194335
2015-09-08,25.267578125,24.838312911987305
2015-09-09,24.7816104888916,24.947652053833007
2015-09-10,25.326072692871094,24.958001327514648
2015-09-11,25.695032119750977,25.13078498840332
2015-09-14,25.942514419555664,25.402561569213866
2015-09-15,26.160747528076172,25.581195449829103
2015-09-16,26.189992904663086,25.8628719329834
2015-09-17,25.629793167114258,25.923616027832033
2015-09-18,25.524049758911133,25.889419555664062
2015-09-21,25.92001724243164,25.884920120239258
2015-09-22,25.512798309326172,25.755330276489257
2015-09-23,25.719785690307617,25.661288833618165
2015-09-24,25.872774124145508,25.709885025024413
2015-09-25,25.807527542114258,25.76658058166504
2015-09-28,25.29682159423828,25.641941452026366
2015-09-29,24.536380767822266,25.446657943725587
2015-09-30,24.81536293029785,25.265773391723634
2015-10-01,24.653377532958984,25.02189407348633
2015-10-02,24.833356857299805,24.827059936523437
2015-10-05,24.923355102539062,24.752366638183595
2015-10-06,25.042593002319336,24.853609085083008
2015-10-07,24.923355102539062,24.87520751953125
2015-10-08,24.635379791259766,24.871607971191406
2015-10-09,25.224828720092773,24.94990234375
2015-10-12,25.10784149169922,24.98679962158203
2015-10-13,25.150585174560547,25.008398056030273
2015-10-14,24.79511070251465,24.98274917602539
2015-10-15,25.166332244873047,25.088939666748047
2015-10-16,24.98185157775879,25.04034423828125
2015-10-19,25.137086868286133,25.046193313598632
2015-10-20,25.596040725708008,25.135284423828125
2015-10-21,25.593791961669922,25.29502067565918
2015-10-22,25.985260009765625,25.458806228637695
2015-10-23,26.79068946838379,25.820573806762695
2015-10-26,25.935766220092773,25.980309677124023
2015-10-27,25.77152442932129,26.01540641784668
2015-10-28,26.83343505859375,26.263335037231446
2015-10-29,27.116912841796875,26.489665603637697
2015-10-30,26.88517951965332,26.508563613891603
2015-11-02,27.263151168823242,26.774040603637694
2015-11-03,27.57587242126465,27.13491020202637
2015-11-04,27.4476318359375,27.257749557495117
2015-11-05,27.32110023498535,27.298587036132812
2015-11-06,27.35273551940918,27.392098236083985
2015-11-09,27.24202537536621,27.387873077392577
2015-11-10,26.383434295654297,27.149385452270508
2015-11-11,26.23431968688965,26.906723022460938
2015-11-12,26.146203994750977,26.67174377441406
2015-11-13,25.382505416870117,26.27769775390625
2015-11-16,25.79824447631836,25.98894157409668
2015-11-17,25.687530517578125,25.849760818481446
2015-11-18,26.500926971435547,25.903082275390624
2015-11-19,26.837581634521484,26.041357803344727
2015-11-20,26.955076217651367,26.355871963500977
2015-11-23,26.6048641204834,26.517195892333984
2015-11-24,26.860177993774414,26.75172538757324
2015-11-25,26.66812515258789,26.78516502380371
2015-11-27,26.618419647216797,26.741332626342775
2015-11-30,26.7291316986084,26.69614372253418
2015-12-01,26.512224197387695,26.67761573791504
2015-12-02,26.272727966308594,26.560125732421874
2015-12-03,26.028711318969727,26.432242965698244
2015-12-04,26.894073486328125,26.487373733520506
2015-12-07,26.724618911743164,26.48647117614746
2015-12-08,26.713314056396484,26.52668914794922
2015-12-09,26.123605728149414,26.49686470031738
2015-12-10,26.247873306274414,26.54069709777832
2015-12-11,25.572301864624023,26.2763427734375
2015-12-14,25.414142608642578,26.014247512817384
2015-12-15,24.964515686035156,25.664487838745117
2015-12-16,25.15656089782715,25.471078872680664
2015-12-17,24.623340606689453,25.146172332763673
2015-12-18,23.95680809020996,24.82307357788086
2015-12-21,24.25052833557129,24.590350723266603
2015-12-22,24.227928161621094,24.44303321838379
2015-12-23,24.539735794067383,24.319668197631835
2015-12-24,24.4086971282959,24.276739501953124
2015-12-28,24.135299682617188,24.31243782043457
2015-12-29,24.569110870361328,24.376154327392577
2015-12-30,24.24827003479004,24.380222702026366
2015-12-31,23.78282928466797,24.228841400146486
2016-01-04,23.803157806396484,24.107733535766602
2016-01-05,23.206668853759766,23.922007369995118
2016-01-06,22.752525329589844,23.55869026184082
2016-01-07,21.792264938354492,23.067489242553712
2016-01-08,21.907501220703125,22.692423629760743
2016-01-11,22.262229919433594,22.384238052368165
2016-01-12,22.585325241088867,22.259969329833986
2016-01-13,22.004650115966797,22.110394287109376
2016-01-14,22.485912322998047,22.249123764038085
2016-01-15,21.945905685424805,22.25680465698242
2016-01-19,21.839712142944336,22.17230110168457
2016-01-20,21.86908531188965,22.029053115844725
2016-01-21,21.758363723754883,21.979795837402342
2016-01-22,22.915205001831055,22.065654373168947
2016-01-25,22.467836380004883,22.17004051208496
2016-01-26,22.59210205078125,22.320518493652344
2016-01-27,21.107654571533203,22.168232345581053
2016-01-28,21.2590389251709,22.068367385864256
2016-01-29,21.993356704711914,21.88399772644043
2016-02-01,21.787750244140625,21.747980499267577
2016-02-02,21.347148895263672,21.498989868164063
2016-02-03,21.76967430114746,21.631393814086913
2016-02-04,21.944589614868164,21.768503952026368
2016-02-05,21.35849380493164,21.64153137207031
2016-02-08,21.58338737487793,21.600658798217772
2016-02-09,21.578847885131836,21.646998596191406
2016-02-10,21.415283203125,21.576120376586914
2016-02-11,21.285795211791992,21.44436149597168
2016-02-12,21.351673126220703,21.44299736022949
2016-02-16,21.953676223754883,21.517055130004884
2016-02-17,22.289888381958008,21.65926322937012
2016-02-18,21.867351531982422,21.7496768951416
2016-02-19,21.8173770904541,21.855993270874023
2016-02-22,22.008190155029297,21.987296676635744
2016-02-23,21.510696411132812,21.898700714111328
2016-02-24,21.83100700378418,21.806924438476564
2016-02-25,21.980939865112305,21.82964210510254
2016-02-26,22.015016555786133,21.869169998168946
2016-02-29,21.96503448486328,21.86053886413574
2016-03-01,22.837364196777344,22.12587242126465
2016-03-02,22.88734245300293,22.337139511108397
2016-03-03,23.057729721069336,22.552497482299806
2016-03-04,23.4007511138916,22.829644393920898
2016-03-07,23.141780853271484,23.06499366760254
2016-03-08,22.95094871520996,23.087710571289062
2016-03-09,22.971405029296875,23.10452308654785
2016-03-10,22.982757568359375,23.08952865600586
2016-03-11,23.230375289916992,23.055453491210937
2016-03-14,23.2894344329834,23.08498420715332
2016-03-15,23.75740623474121,23.24627571105957
2016-03-16,24.073165893554688,23.466627883911134
2016-03-17,24.034549713134766,23.676986312866212
2016-03-18,24.061813354492188,23.84327392578125
2016-03-21,24.059534072875977,23.997293853759764
2016-03-22,24.243539810180664,24.094520568847656
2016-03-23,24.10951805114746,24.101791000366212
2016-03-24,24.005016326904297,24.095884323120117
2016-03-28,23.895980834960938,24.062717819213866
2016-03-29,24.461633682250977,24.143137741088868
2016-03-30,24.88870620727539,24.272171020507812
2016-03-31,24.759220123291016,24.402111434936522
2016-04-01,24.98638916015625,24.598386001586913
2016-04-04,25.24309539794922,24.86780891418457
2016-04-05,24.94549560546875,24.964581298828126
2016-04-06,25.206745147705078,25.02818908691406
2016-04-07,24.65699005126953,25.007743072509765
2016-04-08,24.68425750732422,24.94731674194336
2016-04-11,24.76603889465332,24.85190544128418
2016-04-12,25.088621139526367,24.880530548095702
2016-04-13,25.452091217041016,24.92959976196289
2016-04-14,25.46571922302246,25.091345596313477
2016-04-15,24.95458221435547,25.145410537719727
2016-04-18,24.416194915771484,25.075441741943358
2016-04-19,24.28670883178711,24.915059280395507
2016-04-20,24.336687088012695,24.691978454589844
2016-04-21,24.073165893554688,24.413467788696288
2016-04-22,24.007287979125977,24.22400894165039
2016-04-25,23.870990753173828,24.11496810913086
2016-04-26,23.705154418945312,23.9986572265625
2016-04-27,22.221736907958984,23.57566719055176
2016-04-28,21.542499542236328,23.069533920288087
2016-04-29,21.294885635375977,22.527053451538087
2016-05-02,21.27216148376465,22.00728759765625
2016-05-03,21.622011184692383,21.590658950805665
2016-05-04,21.397113800048828,21.425734329223634
2016-05-05,21.310256958007812,21.37928581237793
2016-05-06,21.1914119720459,21.358591079711914
2016-05-09,21.207414627075195,21.345641708374025
2016-05-10,21.351402282714844,21.291519927978516
2016-05-11,21.14341926574707,21.240781021118163
2016-05-12,20.647457122802734,21.10822105407715
2016-05-13,20.6885986328125,21.007658386230467
2016-05-16,21.45653533935547,21.057482528686524
2016-05-17,21.36739730834961,21.060681533813476
2016-05-18,21.611948013305664,21.154387283325196
2016-05-19,21.529672622680664,21.330830383300782
2016-05-20,21.762798309326172,21.545670318603516
2016-05-23,22.039348602294922,21.662232971191408
2016-05-24,22.37531852722168,21.86381721496582
2016-05-25,22.76842498779297,22.095112609863282
2016-05-26,22.948984146118164,22.37897491455078
2016-05-27,22.935270309448242,22.613469314575195
2016-05-31,22.823286056518555,22.770256805419923
2016-06-01,22.503305435180664,22.79585418701172
2016-06-02,22.334178924560547,22.709004974365236
2016-06-03,22.3798885345459,22.595185852050783
2016-06-06,22.542158126831055,22.516563415527344
2016-06-07,22.633581161499023,22.478622436523438
2016-06-08,22.61301040649414,22.500563430786134
2016-06-09,22.775287628173828,22.58878517150879
2016-06-10,22.587867736816406,22.63038101196289
2016-06-13,22.247329711914062,22.57141532897949
2016-06-14,22.27475357055664,22.499649810791016
2016-06-15,22.201614379882812,22.41737060546875
2016-06-16,22.295324325561523,22.32137794494629
2016-06-17,21.78793716430664,22.161391830444337
2016-06-20,21.735368728637695,22.058999633789064
2016-06-21,21.920501708984375,21.98814926147461
2016-06-22,21.83821678161621,21.91546974182129
2016-06-23,21.963924407958984,21.84918975830078
2016-06-24,21.346834182739258,21.760969161987305
2016-06-27,21.035995483398438,21.621094512939454
2016-06-28,21.390256881713867,21.51504554748535
2016-06-29,21.575382232666016,21.462478637695312
2016-06-30,21.849641799926758,21.439622116088866
2016-07-01,21.915922164916992,21.553439712524415
2016-07-05,21.710227966308594,21.688286209106444
2016-07-06,21.83365249633789,21.77696533203125
2016-07-07,21.927358627319336,21.847360610961914
2016-07-08,22.09648323059082,21.896728897094725
2016-07-11,22.165050506591797,21.946554565429686
2016-07-12,22.265607833862305,22.05763053894043
2016-07-13,22.13990592956543,22.118881225585938
2016-07-14,22.5787296295166,22.24915542602539
2016-07-15,22.57644271850586,22.345147323608398
2016-07-18,22.81643295288086,22.47542381286621
2016-07-19,22.825572967529297,22.58741683959961
2016-07-20,22.846132278442383,22.728662109375
2016-07-21,22.725006103515625,22.757917404174805
2016-07-22,22.54901695251465,22.75243225097656
2016-07-25,22.247329711914062,22.638611602783204
2016-07-26,22.094192504882812,22.492335510253906
2016-07-27,23.52950668334961,22.62901039123535
2016-07-28,23.847198486328125,22.85344886779785
2016-07-29,23.81749153137207,23.107143783569335
2016-08-01,24.238027572631836,23.50528335571289
2016-08-02,23.879194259643555,23.86228370666504
2016-08-03,24.17860221862793,23.992102813720702
2016-08-04,24.327960968017578,24.088255310058592
2016-08-05,24.697927474975586,24.264342498779296
2016-08-08,24.902437210083008,24.39722442626953
2016-08-09,25.0035457611084,24.6220947265625
2016-08-10,24.817419052124023,24.749858093261718
2016-08-11,24.801332473754883,24.84453239440918
2016-08-12,24.858781814575195,24.8767032623291
2016-08-15,25.157506942749023,24.927717208862305
2016-08-16,25.134532928466797,24.953914642333984
2016-08-17,25.097766876220703,25.00998420715332
2016-08-18,25.065595626831055,25.062836837768554
2016-08-19,25.129932403564453,25.117066955566408
2016-08-22,24.934612274169922,25.072488021850585
2016-08-23,25.01273536682129,25.048128509521483
2016-08-24,24.824310302734375,24.993437194824217
2016-08-25,24.71860694885254,24.924039459228517
2016-08-26,24.57383918762207,24.812820816040038
2016-08-29,24.546262741088867,24.73515090942383
2016-08-30,24.35783576965332,24.604170989990234
2016-08-31,24.38081169128418,24.515471267700196
2016-09-01,24.525585174560547,24.476866912841796
2016-09-02,24.75537109375,24.513173294067382
2016-09-06,24.748472213745117,24.553615188598634
2016-09-07,24.900144577026367,24.662076950073242
2016-09-08,24.24753189086914,24.635420989990234
2016-09-09,23.698335647583008,24.469971084594725
2016-09-12,24.229150772094727,24.364727020263672
2016-09-13,24.805927276611328,24.376218032836913
2016-09-14,25.683725357055664,24.532934188842773
2016-09-15,26.556934356689453,24.994814682006837
2016-09-16,26.40757179260254,25.536661911010743
2016-09-19,26.099653244018555,25.91076240539551
2016-09-20,26.097354888916016,26.169047927856447
2016-09-21,26.09276008605957,26.250854873657225
2016-09-22,26.338626861572266,26.20719337463379
2016-09-23,25.899730682373047,26.10562515258789
2016-09-26,25.938791275024414,26.073452758789063
2016-09-27,25.987051010131836,26.051391983032225
2016-09-28,26.18467140197754,26.06977424621582
2016-09-29,25.777944564819336,25.957637786865234
2016-09-30,25.97786521911621,25.973264694213867
2016-10-03,25.8560733795166,25.956721115112305
2016-10-04,25.966365814208984,25.952584075927735
2016-10-05,25.97786521911621,25.911222839355467
2016-10-06,26.17088508605957,25.989810943603516
2016-10-07,26.209949493408203,26.036227798461915
2016-10-10,26.667232513427734,26.19845962524414
2016-10-11,26.724679946899414,26.350122451782227
2016-10-12,26.96366310119629,26.547282028198243
2016-10-13,26.880937576293945,26.68929252624512
2016-10-14,27.030302047729492,26.853363037109375
2016-10-17,27.011917114257812,26.922299957275392
2016-10-18,26.993532180786133,26.976070404052734
2016-10-19,26.913108825683594,26.965959548950195
2016-10-20,26.899322509765625,26.969636535644533
2016-10-21,26.793617248535156,26.922299575805663
2016-10-24,27.034900665283203,26.92689628601074
2016-10-25,27.172775268554688,26.962744903564452
2016-10-26,26.5615291595459,26.892428970336915
2016-10-27,26.306467056274414,26.773857879638673
2016-10-28,26.131820678710938,26.641498565673828
2016-10-31,26.090457916259766,26.45261001586914
2016-11-01,25.619384765625,26.1419319152832
2016-11-02,25.642364501953125,25.95809898376465
2016-11-03,25.367511749267578,25.77030792236328
2016-11-04,25.138845443725586,25.57171287536621
2016-11-07,25.501474380493164,25.453916168212892
2016-11-08,25.651607513427734,25.460360717773437
2016-11-09,25.610031127929688,25.45389404296875
2016-11-10,24.89633560180664,25.359658813476564
2016-11-11,25.044153213500977,25.34072036743164
2016-11-14,24.415912628173828,25.123608016967772
2016-11-15,24.739267349243164,24.94113998413086
2016-11-16,25.404462814331055,24.900026321411133
2016-11-17,25.39522361755371,24.999803924560545
2016-11-18,25.42063331604004,25.07509994506836
2016-11-21,25.806358337402344,25.353189086914064
2016-11-22,25.822519302368164,25.569839477539062
2016-11-23,25.69087028503418,25.627120971679688
2016-11-25,25.820207595825195,25.712117767333986
2016-11-28,25.769397735595703,25.781870651245118
2016-11-29,25.743993759155273,25.769397735595703
2016-11-30,25.52687644958496,25.710269165039062
2016-12-01,25.28898048400879,25.629891204833985
2016-12-02,25.383678436279297,25.542585372924805
2016-12-05,25.201210021972656,25.428947830200194
2016-12-06,25.39522361755371,25.359193801879883
2016-12-07,25.64468002319336,25.382754516601562
2016-12-08,25.89643096923828,25.50424461364746
2016-12-09,26.319108963012695,25.69133071899414
2016-12-12,26.168973922729492,25.88488349914551
2016-12-13,26.605514526367188,26.126941680908203
2016-12-14,26.605514526367188,26.31910858154297
2016-12-15,26.751022338867188,26.49002685546875
2016-12-16,26.78567123413086,26.583339309692384
2016-12-19,26.940420150756836,26.737628555297853
2016-12-20,27.01202392578125,26.818930435180665
2016-12-21,27.037431716918945,26.905313873291014
2016-12-22,26.859582901000977,26.927025985717773
2016-12-23,26.912700653076172,26.952431869506835
2016-12-27,27.083620071411133,26.981071853637694
2016-12-28,26.9681339263916,26.972293853759766
2016-12-29,26.96120834350586,26.95704917907715
2016-12-30,26.751022338867188,26.93533706665039
2017-01-03,26.827253341674805,26.918247604370116
2017-01-04,26.797218322753906,26.860967254638673
2017-01-05,26.933488845825195,26.85403823852539
2017-01-06,27.233753204345703,26.90854721069336
2017-01-09,27.483203887939453,27.05498352050781
2017-01-10,27.510913848876953,27.19171562194824
2017-01-11,27.65873908996582,27.364019775390624
2017-01-12,27.543256759643555,27.485973358154297
2017-01-13,27.494754791259766,27.53817367553711
2017-01-17,27.71648597717285,27.58483009338379
2017-01-18,27.714170455932617,27.625481414794923
2017-01-19,27.665666580200195,27.6268669128418
2017-01-20,27.71648597717285,27.661512756347655
2017-01-23,27.734960556030273,27.709553909301757
2017-01-24,27.709550857543945,27.708166885375977
2017-01-25,28.15070915222168,27.79547462463379
2017-01-26,28.164566040039062,27.89525451660156
2017-01-27,28.166873931884766,27.985332107543947
2017-01-30,28.092966079711914,28.056933212280274
2017-01-31,28.028289794921875,28.12068099975586
2017-02-01,29.737478256225586,28.43803482055664
2017-02-02,29.686660766601562,28.74245376586914
2017-02-03,29.813695907592773,29.071818161010743
2017-02-06,30.09317398071289,29.471859741210938
2017-02-07,30.379581451416016,29.942118072509764
2017-02-08,30.49736213684082,30.094094848632814
2017-02-09,30.717744827270508,30.300311660766603
2017-02-10,30.64815902709961,30.467204284667968
2017-02-13,30.919559478759766,30.632481384277344
2017-02-14,31.320873260498047,30.82073974609375
2017-02-15,31.434539794921875,31.00817527770996
2017-02-16,31.397424697875977,31.144111251831056
2017-02-17,31.48325538635254,31.31113052368164
2017-02-21,31.710580825805664,31.46933479309082
2017-02-22,31.805694580078125,31.566299057006837
2017-02-23,31.67115020751953,31.613621139526366
2017-02-24,31.70130729675293,31.674397659301757
2017-02-27,31.76392936706543,31.730532455444337
2017-02-28,31.77785301208496,31.743986892700196
2017-03-01,32.427371978759766,31.868322372436523
2017-03-02,32.23483657836914,31.981059646606447
2017-03-03,32.42506408691406,32.12581100463867
2017-03-06,32.3229866027832,32.23762245178223
2017-03-07,32.364749908447266,32.355001831054686
2017-03-08,32.244117736816406,32.31835098266602
2017-03-09,32.169891357421875,32.305361938476565
2017-03-10,32.276607513427734,32.2756706237793
2017-03-13,32.29050827026367,32.26917495727539
2017-03-14,32.2418098449707,32.24458694458008
2017-03-15,32.58280944824219,32.31232528686523
2017-03-16,32.63616180419922,32.4055793762207
2017-03-17,32.47377014160156,32.445011901855466
2017-03-20,32.81477737426758,32.54986572265625
2017-03-21,32.43896484375,32.58929672241211
2017-03-22,32.80548858642578,32.63383255004883
2017-03-23,32.689510345458984,32.64450225830078
2017-03-24,32.62456512451172,32.674661254882814
2017-03-27,32.68022537231445,32.64775085449219
2017-03-28,33.357582092285156,32.83147430419922
2017-03-29,33.431819915771484,32.95674057006836
2017-03-30,33.38774871826172,33.096388244628905
2017-03-31,33.325111389160156,33.236497497558595
2017-04-03,33.334388732910156,33.367330169677736
2017-04-04,33.58259963989258,33.41233367919922
2017-04-05,33.40861892700195,33.407693481445314
2017-04-06,33.325111389160156,33.395166015625
2017-04-07,33.25087356567383,33.38031845092773
2017-04-10,33.21144104003906,33.35572891235351
2017-04-11,32.85420227050781,33.21004943847656
2017-04-12,32.89363479614258,33.107052612304685
2017-04-13,32.719669342041016,32.98596420288086
2017-04-17,32.900604248046875,32.91591033935547
2017-04-18,32.75444793701172,32.82451171875
2017-04-19,32.63383865356445,32.78043899536133
2017-04-20,33.04209899902344,32.8101318359375
2017-04-21,33.0026741027832,32.86673278808594
2017-04-24,33.320465087890625,32.950704956054686
2017-04-25,33.52692413330078,33.1052001953125
2017-04-26,33.32974624633789,33.244381713867185
2017-04-27,33.35527038574219,33.30701599121094
2017-04-28,33.32279586791992,33.37104034423828
2017-05-01,34.00247573852539,33.507442474365234
2017-05-02,34.218204498291016,33.64569854736328
2017-05-03,34.11381149291992,33.802511596679686
2017-05-04,33.990882873535156,33.92963409423828
2017-05-05,34.554561614990234,34.175987243652344
2017-05-08,35.494049072265625,34.47430191040039
2017-05-09,35.72138214111328,34.77493743896484
2017-05-10,35.55203628540039,35.062582397460936
2017-05-11,35.85951232910156,35.43630828857422
2017-05-12,36.36030197143555,35.79745635986328
2017-05-15,36.26713180541992,35.95207290649414
2017-05-16,36.21355438232422,36.050507354736325
2017-05-17,34.9976692199707,35.93963394165039
2017-05-18,35.53107452392578,35.87394638061524
2017-05-19,35.652198791503906,35.73232574462891
2017-05-22,35.868812561035156,35.652661895751955
2017-05-23,35.8245735168457,35.57486572265625
2017-05-24,35.71743392944336,35.71881866455078
2017-05-25,35.84087371826172,35.78077850341797
2017-05-26,35.780303955078125,35.806399536132815
2017-05-30,35.794281005859375,35.79149322509765
2017-05-31,35.58231735229492,35.7430419921875
2017-06-01,35.68015670776367,35.73558654785156
2017-06-02,36.208892822265625,35.809190368652345
2017-06-05,35.854862213134766,35.82410202026367
2017-06-06,35.975975036621094,35.86044082641602
2017-06-07,36.190277099609375,35.982032775878906
2017-06-08,36.10176467895508,36.06635437011719
2017-06-09,34.701839447021484,35.76494369506836
2017-06-12,33.872623443603516,35.36849594116211
2017-06-13,34.14515686035156,35.002332305908205
2017-06-14,33.81206512451172,34.52668991088867
2017-06-15,33.60939407348633,34.02821578979492
2017-06-16,33.138893127441406,33.7156265258789
2017-06-19,34.086917877197266,33.75848541259766
2017-06-20,33.77711868286133,33.68487777709961
2017-06-21,33.977439880371094,33.717952728271484
2017-06-22,33.92153549194336,33.78038101196289
2017-06-23,34.07294845581055,33.96719207763672
2017-06-26,33.96578598022461,33.94296569824219
2017-06-27,33.47896957397461,33.88333587646484
2017-06-28,33.9681282043457,33.881473541259766
2017-06-29,33.46731185913086,33.790628814697264
2017-06-30,33.54651641845703,33.685342407226564
2017-07-03,33.42538833618164,33.57726287841797
2017-07-05,33.56281280517578,33.594031524658206
2017-07-06,33.24604034423828,33.44961395263672
2017-07-07,33.58378219604492,33.47290802001953
2017-07-10,33.788753509521484,33.52135543823242
2017-07-11,33.89824676513672,33.615927124023436
2017-07-12,33.94715881347656,33.692796325683595
2017-07-13,34.42000961303711,33.92759017944336
2017-07-14,34.7158203125,34.153997802734374
2017-07-17,34.83694076538086,34.36363525390625
2017-07-18,34.95806121826172,34.57559814453125
2017-07-19,35.17702102661133,34.821570587158206
2017-07-20,35.01863098144531,34.94129486083985
2017-07-21,35.00233459472656,34.99859771728516
2017-07-24,35.42626190185547,35.11646194458008
2017-07-25,35.577659606933594,35.24038162231445
2017-07-26,35.74537658691406,35.354052734375
2017-07-27,35.06987380981445,35.36430130004883
2017-07-28,34.82297897338867,35.32843017578125
2017-07-31,34.64361572265625,35.17190093994141
2017-08-01,34.951087951660156,35.04658660888672
2017-08-02,36.602561950683594,35.218023681640624
2017-08-03,36.236854553222656,35.451419830322266
2017-08-04,36.427860260009766,35.772396087646484
2017-08-07,36.99154281616211,36.241981506347656
2017-08-08,37.28736877441406,36.70923767089844
2017-08-09,37.51563262939453,36.891851806640624
2017-08-10,36.32069778442383,36.90862045288086
2017-08-11,36.82579040527344,36.988206481933595
2017-08-14,37.3800163269043,37.06590118408203
2017-08-15,37.789241790771484,37.16627578735351
2017-08-16,37.637229919433594,37.19059524536133
2017-08-17,36.914669036865234,37.30938949584961
2017-08-18,36.830474853515625,37.310326385498044
2017-08-21,36.762657165527344,37.18685455322266
2017-08-22,37.36363983154297,37.10173416137695
2017-08-23,37.41040802001953,37.05636978149414
2017-08-24,37.244384765625,37.12231292724609
2017-08-25,37.382354736328125,37.232688903808594
2017-08-28,37.75883865356445,37.431925201416014
2017-08-29,38.095584869384766,37.578314208984374
2017-08-30,38.198463439941406,37.73592529296875
2017-08-31,38.3504524230957,37.95713882446289
2017-09-01,38.36213684082031,38.15309524536133
2017-09-05,37.901485443115234,38.18162460327149
2017-09-06,37.86173629760742,38.13485488891602
2017-09-07,37.70972442626953,38.03710708618164
2017-09-08,37.09471893310547,37.7859603881836
2017-09-11,37.76585388183594,37.66670379638672
2017-09-12,37.616188049316406,37.60964431762695
2017-09-13,37.33324432373047,37.503945922851564
2017-09-14,37.012874603271484,37.364575958251955
2017-09-15,37.38702392578125,37.42303695678711
2017-09-18,37.10407638549805,37.29068145751953
2017-09-19,37.118106842041016,37.19106521606445
2017-09-20,36.49607849121094,37.02363204956055
2017-09-21,35.86936950683594,36.79493103027344
2017-09-22,35.51860046386719,36.42124633789062
2017-09-25,35.205265045166016,36.04148406982422
2017-09-26,35.810916900634766,35.78004608154297
2017-09-27,36.06580352783203,35.693991088867186
2017-09-28,35.843650817871094,35.688847351074216
2017-09-29,36.04008102416992,35.79314346313477
2017-10-02,35.96759033203125,35.94560852050781
2017-10-03,36.12425994873047,36.008277130126956
2017-10-04,35.890411376953125,35.97319869995117
2017-10-05,36.33706283569336,36.07188110351562
2017-10-06,36.31602478027344,36.12706985473633
2017-10-09,36.44229507446289,36.22201080322266
2017-10-10,36.45631408691406,36.288421630859375
2017-10-11,36.60832977294922,36.43200531005859
2017-10-12,36.47970962524414,36.46053466796875
2017-10-13,36.71121597290039,36.53957290649414
2017-10-16,37.38702392578125,36.728518676757815
2017-10-17,37.525001525878906,36.942256164550784
2017-10-18,37.35895919799805,37.09238204956055
2017-10-19,36.47501754760742,37.091443634033205
2017-10-20,36.53816604614258,37.05683364868164
2017-10-23,36.51946258544922,36.883321380615236
2017-10-24,36.736934661865234,36.7257080078125
2017-10-25,36.57558059692383,36.56903228759766
2017-10-26,36.809444427490234,36.63591766357422
2017-10-27,38.12832260131836,36.953948974609375
2017-10-30,38.98651885986328,37.44736022949219
2017-10-31,39.5290412902832,38.00578155517578
2017-11-01,39.026268005371094,38.49591903686523
2017-11-02,39.31155776977539,38.996341705322266
2017-11-03,40.33814239501953,39.4383056640625
2017-11-06,40.74736785888672,39.79047546386719
2017-11-07,40.878318786621094,40.06033096313477
2017-11-08,41.21271896362305,40.49762115478516
2017-11-09,41.12853240966797,40.86101608276367
2017-11-10,40.99241638183594,40.99187088012695
2017-11-13,40.82813262939453,41.00802383422852
2017-11-14,40.21092224121094,40.87454452514648
2017-11-15,39.6805305480957,40.56810684204102
2017-11-16,40.15458679199219,40.37331771850586
2017-11-17,39.931644439697266,40.161163330078125
2017-11-20,39.891746520996094,39.97388610839844
2017-11-21,40.63335037231445,40.05837173461914
2017-11-22,41.06048583984375,40.33436279296875
2017-11-24,41.062828063964844,40.51601104736328
2017-11-27,40.85629653930664,40.700941467285155
2017-11-28,40.61692428588867,40.845977020263675
2017-11-29,39.7744140625,40.674189758300784
2017-11-30,40.33061218261719,40.52821502685547
2017-12-01,40.14285659790039,40.34422073364258
2017-12-04,39.84949493408203,40.142860412597656
2017-12-05,39.811954498291016,39.981866455078126
2017-12-06,39.66411209106445,39.95980606079102
2017-12-07,39.736846923828125,39.8410530090332
2017-12-08,39.74858474731445,39.76219863891602
2017-12-11,40.5230598449707,39.89691162109375
2017-12-12,40.2953987121582,39.99360046386719
2017-12-13,40.429176330566406,40.14661331176758
2017-12-14,40.41744613647461,40.28273315429688
2017-12-15,40.82813262939453,40.49864273071289
2017-12-18,41.403106689453125,40.674652099609375
2017-12-19,40.9619140625,40.80795516967773
2017-12-20,40.91731643676758,40.905583190917966
2017-12-21,41.07220458984375,41.0365348815918
2017-12-22,41.07220458984375,41.08534927368164
2017-12-26,40.030208587646484,40.810769653320314
2017-12-27,40.03724670410156,40.62583618164062
2017-12-28,40.149898529052734,40.47235260009766
2017-12-29,39.715728759765625,40.20105743408203
2018-01-02,40.42682647705078,40.071981811523436
2018-01-03,40.41978073120117,40.149896240234376
2018-01-04,40.60752868652344,40.26395263671875
2018-01-05,41.069854736328125,40.44794387817383
2018-01-08,40.91731643676758,40.68826141357422
2018-01-09,40.912620544433594,40.78542022705078
2018-01-10,40.90323257446289,40.882110595703125
2018-01-11,41.13557052612305,40.987718963623045
2018-01-12,41.56035614013672,41.085819244384766
2018-01-16,41.3491325378418,41.17218246459961
2018-01-17,42.03206253051758,41.396070861816405
2018-01-18,42.06962585449219,41.62934951782226
2018-01-19,41.881866455078125,41.77860870361328
2018-01-22,41.53923034667969,41.774383544921875
2018-01-23,41.548614501953125,41.81427993774414
2018-01-24,40.886802673339844,41.585227966308594
2018-01-25,40.15693664550781,41.20269012451172
2018-01-26,40.25080871582031,40.876478576660155
2018-01-29,39.41767883300781,40.45216827392578
2018-01-30,39.18534851074219,39.979515075683594
2018-01-31,39.29329299926758,39.66081314086914
2018-02-01,39.37543487548828,39.504512786865234
2018-02-02,37.66693878173828,38.98773880004883
2018-02-05,36.7258415222168,38.449371337890625
2018-02-06,38.26068115234375,38.26443786621094
2018-02-07,37.4416389465332,37.894107055664065
2018-02-08,36.4113655090332,37.301293182373044
2018-02-09,36.85673141479492,37.139251708984375
2018-02-12,38.34127426147461,37.462338256835935
2018-02-13,38.725372314453125,37.555276489257814
2018-02-14,39.43935775756836,37.954820251464845
2018-02-15,40.76366424560547,38.825279998779294
2018-02-16,40.63170623779297,39.580274963378905
2018-02-20,40.49504470825195,40.01102905273437
2018-02-21,40.31124496459961,40.32820358276367
2018-02-22,40.64820861816406,40.56997375488281
2018-02-23,41.355125427246094,40.68826599121094
2018-02-26,42.17280578613281,40.99648590087891
2018-02-27,42.03614807128906,41.30470657348633
2018-02-28,41.972503662109375,41.636958312988284
2018-03-01,41.237300872802734,41.75477676391601
2018-03-02,41.52243423461914,41.788238525390625
2018-03-05,41.66618347167969,41.6869140625
2018-03-06,41.63083267211914,41.60585098266601
2018-03-07,41.24437713623047,41.460225677490236
2018-03-08,41.69445037841797,41.55165557861328
2018-03-09,42.410804748535156,41.729329681396486
2018-03-12,42.82082748413086,41.96025848388672
2018-03-13,42.408443450927734,42.115780639648435
2018-03-14,42.047908782958984,42.27648696899414
2018-03-15,42.09739685058594,42.357076263427736
2018-03-16,41.94894790649414,42.264704895019534
2018-03-19,41.3079948425293,41.96213836669922
2018-03-20,41.29386901855469,41.73922348022461
2018-03-21,40.35835647583008,41.40131301879883
2018-03-22,39.788116455078125,40.939456939697266
2018-03-23,38.86676788330078,40.323020935058594
2018-03-26,40.71182632446289,40.20378723144531
2018-03-27,39.66793441772461,39.8786003112793
2018-03-28,39.229637145996094,39.6528564453125
2018-03-29,39.53596878051758,39.60242691040039
2018-04-02,39.276763916015625,39.68442611694336
2018-04-03,39.679710388183594,39.4780029296875
2018-04-04,40.438472747802734,39.632110595703125
2018-04-05,40.718910217285156,39.92996520996094
2018-04-06,39.6773567199707,39.95824279785156
2018-04-09,40.07088851928711,40.11706771850586
2018-04-10,40.824947357177734,40.34611511230469
2018-04-11,40.63405990600586,40.385232543945314
2018-04-12,41.03465270996094,40.44838104248047
2018-04-13,41.1736946105957,40.74764862060547
2018-04-16,41.43053436279297,41.01957778930664
2018-04-17,42.000789642333984,41.25474624633789
2018-04-18,41.906532287597656,41.50924072265625
2018-04-19,40.718910217285156,41.446092224121095
2018-04-20,39.0505485534668,41.021463012695314
2018-04-23,38.937442779541016,40.52284469604492
2018-04-24,38.395450592041016,39.80177688598633
2018-04-25,38.56277084350586,39.13302459716797
2018-04-26,38.697086334228516,38.72865982055664
2018-04-27,38.24937057495117,38.568424224853516
2018-04-30,38.94215393066406,38.569366455078125
2018-05-01,39.84701919555664,38.85968017578125
2018-05-02,41.607269287109375,39.468579864501955
2018-05-03,41.68267059326172,40.065696716308594
2018-05-04,43.318023681640625,41.079427337646486
2018-05-07,43.631439208984375,42.01728439331055
2018-05-08,43.84114456176758,42.81610946655273
2018-05-09,44.14984130859375,43.32462387084961
2018-05-10,44.781368255615234,43.94436340332031
2018-05-11,44.61104202270508,44.2029670715332
2018-05-14,44.50696563720703,44.378072357177736
2018-05-15,44.10246276855469,44.430335998535156
2018-05-16,44.51405334472656,44.503178405761716
2018-05-17,44.23257064819336,44.393418884277345
2018-05-18,44.07170486450195,44.28555145263672
2018-05-21,44.38396072387695,44.2609504699707
2018-05-22,44.27277755737305,44.295013427734375
2018-05-23,44.556636810302734,44.30353012084961
2018-05-24,44.50696563720703,44.35840911865235
2018-05-25,44.608673095703125,44.46580276489258
2018-05-29,44.44782638549805,44.4785758972168
2018-05-30,44.35319900512695,44.494660186767575
2018-05-31,44.20417404174805,44.42416763305664
2018-06-01,45.00135803222656,44.52304611206055
2018-06-04,45.377471923828125,44.676805877685545
2018-06-05,45.72756576538086,44.93275375366211
2018-06-06,45.88603591918945,45.23932113647461
2018-06-07,45.76304626464844,45.55109558105469
2018-06-08,45.346702575683594,45.620164489746095
2018-06-11,45.23554229736328,45.59177856445312
2018-06-12,45.48390579223633,45.54304656982422
2018-06-13,45.110164642333984,45.387872314453126
2018-06-14,45.13382339477539,45.262027740478516
2018-06-15,44.67018127441406,45.12672348022461
2018-06-18,44.64652633666992,45.00892028808594
2018-06-19,43.925052642822266,44.697149658203124
2018-06-20,44.11665725708008,44.49844818115234
2018-06-21,43.87065505981445,44.24581451416016
2018-06-22,43.74290084838867,44.06035842895508
2018-06-25,43.092384338378906,43.74953002929688
2018-06-26,43.626991271972656,43.689917755126956
2018-06-27,43.56312942504883,43.5792121887207
2018-06-28,43.880104064941406,43.581101989746095
2018-06-29,43.7878532409668,43.590092468261716
2018-07-02,44.27750778198242,43.827117156982425
2018-07-03,43.5063591003418,43.80299072265625
2018-07-05,43.856441497802734,43.86165313720703
2018-07-06,44.464378356933594,43.97850799560547
2018-07-09,45.08177947998047,44.2372932434082
2018-07-10,45.02737045288086,44.38726577758789
2018-07-11,44.44308853149414,44.57461166381836
2018-07-12,45.18821716308594,44.840966796875
2018-07-13,45.25919723510742,44.99993057250977
2018-07-16,45.15984344482422,45.015543365478514
2018-07-17,45.287574768066406,45.06758422851563
2018-07-18,45.03919982910156,45.18680648803711
2018-07-19,45.3892936706543,45.22702178955078
2018-07-20,45.285213470458984,45.232225036621095
2018-07-23,45.32543182373047,45.265342712402344
2018-07-24,45.65422821044922,45.3386734008789
2018-07-25,46.08475112915039,45.54778366088867
2018-07-26,45.94046401977539,45.65801773071289
2018-07-27,45.1764030456543,45.63625564575195
2018-07-30,44.92328643798828,45.555826568603514
2018-07-31,45.01317596435547,45.427616119384766
2018-08-01,47.664920806884766,45.74365005493164
2018-08-02,49.058197021484375,46.36719665527344
2018-08-03,49.20012664794922,47.17194137573242
2018-08-06,49.455596923828125,48.07840347290039
2018-08-07,48.99195861816406,48.87416000366211
2018-08-08,49.02507781982422,49.14619140625
2018-08-09,49.410648345947266,49.21668167114258
2018-08-10,49.26348114013672,49.22935256958008
2018-08-13,49.581565856933594,49.254546356201175
2018-08-14,49.790462493896484,49.41424713134766
2018-08-15,49.90678024291992,49.5905876159668
2018-08-16,50.637916564941406,49.83604125976562
2018-08-17,51.64914321899414,50.31317367553711
2018-08-20,51.145904541015625,50.626041412353516
2018-08-21,51.046199798583984,50.87718887329102
2018-08-22,51.04857635498047,51.10554809570313
2018-08-23,51.15302658081055,51.208570098876955
2018-08-24,51.31207275390625,51.14115600585937
2018-08-27,51.73460006713867,51.25889511108399
2018-08-28,52.15239715576172,51.48013458251953
2018-08-29,52.930992126464844,51.8566177368164
2018-08-30,53.41762924194336,52.30953826904297
2018-08-31,54.03481674194336,52.85408706665039
2018-09-04,54.208106994628906,53.34878845214844
2018-09-05,53.85440444946289,53.68918991088867
2018-09-06,52.959476470947266,53.69488677978516
2018-09-07,52.53220748901367,53.51780242919922
2018-09-10,51.827178955078125,53.07627487182617
2018-09-11,53.137516021728516,52.86215667724609
2018-09-12,52.477596282958984,52.586795043945315
2018-09-13,53.745216369628906,52.74394302368164
2018-09-14,53.13514709472656,52.86453094482422
2018-09-17,51.7203483581543,52.84316482543945
2018-09-18,51.805816650390625,52.57682495117187
2018-09-19,51.83667755126953,52.44864120483398
2018-09-20,52.23073196411133,52.14574432373047
2018-09-21,51.66814041137695,51.852342987060545
2018-09-24,52.411128997802734,51.990499114990236
2018-09-25,52.74346923828125,52.17802963256836
2018-09-26,52.32331085205078,52.27535629272461
2018-09-27,53.39863967895508,52.50893783569336
2018-09-28,53.58617401123047,52.89254455566406
2018-10-01,53.94697952270508,53.19971466064453
2018-10-02,54.426490783691406,53.536318969726565
2018-10-03,55.08878707885742,54.08941421508789
2018-10-04,54.12027359008789,54.233740997314456
2018-10-05,53.24197006225586,54.16490020751953
2018-10-08,53.118534088134766,53.999211120605466
2018-10-09,53.85440444946289,53.88479385375977
2018-10-10,51.35954284667969,53.13894500732422
2018-10-11,50.90614700317383,52.49611968994141
2018-10-12,52.72447967529297,52.39262161254883
2018-10-15,51.596927642822266,52.08830032348633
2018-10-16,52.73397445678711,51.86421432495117
2018-10-17,52.5060920715332,52.09352416992188
2018-10-18,51.27883529663086,52.16806182861328
2018-10-19,52.0598030090332,52.035126495361325
2018-10-22,52.377891540527344,52.19131927490234
2018-10-23,52.87165069580078,52.21885452270508
2018-10-24,51.05806350708008,51.92924880981445
2018-10-25,52.17612838745117,52.108707427978516
2018-10-26,51.34529495239258,51.96580581665039
2018-10-29,50.381534576416016,51.566534423828124
2018-10-30,50.633155822753906,51.11883544921875
2018-10-31,51.9529914855957,51.297821044921875
2018-11-01,52.750579833984375,51.41271133422852
2018-11-02,49.2515983581543,50.99397201538086
2018-11-05,47.85343933105469,50.4883529663086
2018-11-06,48.370933532714844,50.03590850830078
2018-11-07,49.83793640136719,49.61289749145508
2018-11-08,49.66404342651367,48.99559020996094
2018-11-09,48.706451416015625,48.8865608215332
2018-11-12,46.25290298461914,48.566453552246095
2018-11-13,45.790775299072266,48.05042190551758
2018-11-14,44.497314453125,46.98229751586914
2018-11-15,45.595458984375,46.16858062744141
2018-11-16,46.10044479370117,45.647379302978514
2018-11-19,44.27340316772461,45.25147933959961
2018-11-20,42.15810775756836,44.52494583129883
2018-11-21,42.11045455932617,44.04757385253906
2018-11-23,41.04090881347656,43.136663818359374
2018-11-26,41.59592819213867,42.23576049804687
2018-11-27,41.50541305541992,41.68216247558594
2018-11-28,43.101409912109375,41.87082290649414
2018-11-29,42.770301818847656,42.00279235839844
2018-11-30,42.53923797607422,42.30245819091797
2018-12-03,44.02565002441406,42.78840255737305
2018-12-04,42.08902359008789,42.90512466430664
2018-12-06,41.6197509765625,42.60879287719727
2018-12-07,40.13572692871094,42.081877899169925
2018-12-10,40.40013122558594,41.654056549072266
2018-12-11,40.1690559387207,40.882737731933595
2018-12-12,40.28102111816406,40.52113723754883
2018-12-13,40.72169494628906,40.34152603149414
2018-12-14,39.418704986572266,40.19812164306641
2018-12-17,39.0518684387207,39.92846908569336
2018-12-18,39.559242248535156,39.80650634765625
2018-12-19,38.32533264160156,39.41536865234375
2018-12-20,37.35820770263672,38.742671203613284
2018-12-21,35.90513610839844,38.039957427978514
2018-12-24,34.97611999511719,37.22480773925781
2018-12-26,37.43919372558594,36.80079803466797
2018-12-27,37.196231842041016,36.57497787475586
2018-12-28,37.21527862548828,36.54639205932617
2018-12-31,37.57497787475586,36.88036041259765
2019-01-02,37.61785125732422,37.40870666503906
2019-01-03,33.87083053588867,36.69503402709961
2019-01-04,35.31675720214844,36.319139099121095
2019-01-07,35.2381477355957,35.92371292114258
2019-01-08,35.90989685058594,35.59069671630859
2019-01-09,36.51971435546875,35.3710693359375
2019-01-10,36.63642883300781,35.92418899536133
2019-01-11,36.276737213134766,36.11618499755859
2019-01-14,35.731239318847656,36.214803314208986
2019-01-15,36.462547302246094,36.32533340454101
2019-01-16,36.907997131347656,36.4029899597168
2019-01-17,37.12713623046875,36.50113143920898
2019-01-18,37.35582733154297,36.716949462890625
2019-01-22,36.51734161376953,36.874169921875
2019-01-23,36.665035247802734,36.91466751098633
2019-01-24,36.37440490722656,36.80794906616211
2019-01-25,37.57973098754883,36.898468017578125
2019-01-28,37.23194122314453,36.87369079589844
2019-01-29,36.84604263305664,36.93943099975586
2019-01-30,39.36391067504883,37.47920608520508
2019-01-31,39.64738845825195,38.133802795410155
2019-02-01,39.666446685791016,38.55114593505859
2019-02-04,40.79317092895508,39.2633918762207
2019-02-05,41.49112319946289,40.19240798950195
2019-02-06,41.50541305541992,40.62070846557617
2019-02-07,40.71932601928711,40.835095977783205
2019-02-08,40.76716613769531,41.055239868164065
2019-02-11,40.53272247314453,41.003150177001956
2019-02-12,40.88199996948242,40.88132553100586
2019-02-13,40.71214294433594,40.72267150878906
2019-02-14,40.8604736328125,40.75090103149414
2019-02-15,40.769561767578125,40.751380157470706
2019-02-19,40.891571044921875,40.823149871826175
2019-02-20,41.15470886230469,40.877691650390624
2019-02-21,40.92266845703125,40.919796752929685
2019-02-22,41.379600524902344,41.02362213134766
2019-02-25,41.681026458740234,41.20591506958008
2019-02-26,41.7049446105957,41.36858978271484
2019-02-27,41.834129333496094,41.50447387695313
2019-02-28,41.42265319824219,41.604470825195314
2019-03-01,41.85806655883789,41.700164031982425
2019-03-04,42.068580627441406,41.77767486572266
2019-03-05,41.99203109741211,41.83509216308594
2019-03-06,41.750404357910156,41.81834716796875
2019-03-07,41.26715850830078,41.78724822998047
2019-03-08,41.365257263183594,41.68868637084961
2019-03-11,42.7982292175293,41.834616088867186
2019-03-12,43.27908706665039,42.092027282714845
2019-03-13,43.470462799072266,42.436038970947266
2019-03-14,43.95370101928711,42.97334747314453
2019-03-15,44.52547073364258,43.60539016723633
2019-03-18,44.980010986328125,44.04174652099609
2019-03-19,44.623565673828125,44.31064224243164
2019-03-20,45.01350784301758,44.6192512512207
2019-03-21,46.67137145996094,45.162785339355466
2019-03-22,45.70488739013672,45.398668670654295
2019-03-25,45.152252197265625,45.4331169128418
2019-03-26,44.68575668334961,45.44555511474609
2019-03-27,45.08766555786133,45.46038665771484
2019-03-28,45.147464752197266,45.15560531616211
2019-03-29,45.44171905517578,45.10297164916992
2019-04-01,45.75032424926758,45.22258605957031
2019-04-02,46.41539001464844,45.568512725830075
2019-04-03,46.73356628417969,45.89769287109375
2019-04-04,46.81489562988281,46.23117904663086
2019-04-05,47.128292083740234,46.56849365234375
2019-04-08,47.86989974975586,46.992408752441406
2019-04-09,47.726375579833984,47.25460586547852
2019-04-10,47.99431610107422,47.50675582885742
2019-04-11,47.594791412353516,47.66273498535156
2019-04-12,47.57564926147461,47.75220642089844
2019-04-15,47.661773681640625,47.71058120727539
2019-04-16,47.666561126708984,47.69861831665039
2019-04-17,48.59477615356445,47.81871032714844
2019-04-18,48.7694091796875,48.05363388061524
2019-04-22,48.92969512939453,48.32444305419922
2019-04-23,49.635414123535156,48.719171142578126
2019-04-24,49.55887222290039,49.097633361816406
2019-04-25,49.1091194152832,49.20050201416016
2019-04-26,48.874664306640625,49.221553039550784
2019-04-29,48.94883728027344,49.225381469726564
2019-04-30,48.006263732910156,48.89955139160156
2019-05-01,50.36268615722656,49.0603141784668
2019-05-02,50.034934997558594,49.245477294921876
2019-05-03,50.65693283081055,49.60193099975586
2019-05-06,49.874656677246094,49.78709487915039
2019-05-07,48.530181884765625,49.89187850952148
2019-05-08,48.53974533081055,49.52729034423828
2019-05-09,48.018226623535156,49.123948669433595
2019-05-10,47.35301208496094,48.463164520263675
2019-05-13,44.60089111328125,47.4084114074707
2019-05-14,45.30691909790039,46.76375885009766
2019-05-15,45.84966278076172,46.22574234008789
2019-05-16,45.64793014526367,45.75168304443359
2019-05-17,45.388572692871094,45.358795166015625
2019-05-20,43.96928024291992,45.23247299194336
2019-05-21,44.81220626831055,45.13353042602539
2019-05-22,43.89482879638672,44.74256362915039
2019-05-23,43.145572662353516,44.24209213256836
2019-05-24,42.979862213134766,43.76035003662109
2019-05-28,42.802154541015625,43.52692489624023
2019-05-29,42.598018646240234,43.08408737182617
2019-05-30,42.81895446777344,42.86891250610351
2019-05-31,42.043270111083984,42.64845199584961
2019-06-03,41.618202209472656,42.376119995117186
2019-06-04,43.1407585144043,42.44384078979492
2019-06-05,43.83720397949219,42.69167785644531
2019-06-06,44.480812072753906,43.02404937744141
2019-06-07,45.66474914550781,43.74834518432617
2019-06-10,46.24830627441406,44.67436599731445
2019-06-11,46.78384780883789,45.402983856201175
2019-06-12,46.63495635986328,45.96253433227539
2019-06-13,46.6253547668457,46.39144287109375
2019-06-14,46.286739349365234,46.51584091186523
2019-06-17,46.56291580200195,46.57876281738281
2019-06-18,47.65800857543945,46.753594970703126
2019-06-19,47.518714904785156,46.9303466796875
2019-06-20,47.90055847167969,47.185387420654294
2019-06-21,47.73725509643555,47.47549057006836
2019-06-24,47.6892204284668,47.70075149536133
2019-06-25,46.96635818481445,47.56242141723633
2019-06-26,47.98220443725586,47.65511932373047
2019-06-27,47.967803955078125,47.66856842041015
2019-06-28,47.53071594238281,47.62726058959961
2019-07-01,48.4024772644043,47.76991195678711
2019-07-02,48.68584442138672,48.113809204101564
2019-07-03,49.08930587768555,48.3352294921875
2019-07-05,49.04606628417969,48.550881958007814
2019-07-08,48.0350456237793,48.65174789428711
2019-07-09,48.328033447265625,48.63685913085938
2019-07-10,48.80592346191406,48.660874938964845
2019-07-11,48.45050048828125,48.53311386108398
2019-07-12,48.82273483276367,48.48844757080078
2019-07-15,49.281429290771484,48.73772430419922
2019-07-16,49.11091995239258,48.89430160522461
2019-07-17,48.834739685058594,48.900064849853514
2019-07-18,49.38949203491211,49.08786315917969
2019-07-19,48.652225494384766,49.0537612915039
2019-07-22,49.764129638671875,49.15030136108398
2019-07-23,50.153175354003906,49.35875244140625
2019-07-24,50.112342834472656,49.61427307128906
2019-07-25,49.71609878540039,49.67959442138672
2019-07-26,49.88901138305664,49.9269515991211
2019-07-29,50.354896545410156,50.04510498046875
2019-07-30,50.138771057128906,50.04222412109375
2019-07-31,51.161808013916016,50.25211715698242
2019-08-01,50.05471420288086,50.31984024047851
2019-08-02,48.99564743041992,50.14116744995117
2019-08-05,46.43082809448242,49.356353759765625
2019-08-06,47.30978012084961,48.79055557250977
2019-08-07,47.7996940612793,48.118132781982425
2019-08-08,48.85395812988281,47.87798156738281
2019-08-09,48.45137023925781,47.76912612915039
2019-08-12,48.32843017578125,48.14864654541016
2019-08-13,50.375064849853516,48.76170349121094
2019-08-14,48.87565612792969,48.97689590454102
2019-08-15,48.63218307495117,48.93254089355469
2019-08-16,49.77964782714844,49.19819641113281
2019-08-19,50.707733154296875,49.67405700683594
2019-08-20,50.71013259887695,49.74107055664062
2019-08-21,51.259769439697266,50.21789321899414
2019-08-22,51.21637725830078,50.73473205566406
2019-08-23,48.84913635253906,50.54862976074219
2019-08-26,49.77722930908203,50.36252899169922
2019-08-27,49.215553283691406,50.06361312866211
2019-08-28,49.54580307006836,49.72081985473633
2019-08-29,50.384708404541016,49.55448608398437
2019-08-30,50.31962203979492,49.84858322143555
2019-09-03,49.58678436279297,49.81049423217773
2019-09-04,50.428104400634766,50.05300445556641
2019-09-05,51.41405487060547,50.42665481567383
2019-09-06,51.40922164916992,50.63155746459961
2019-09-09,51.628597259521484,50.89335250854492
2019-09-10,52.238494873046875,51.4236946105957
2019-09-11,53.8994255065918,52.11795883178711
2019-09-12,53.77888488769531,52.59092483520508
2019-09-13,52.732669830322266,52.855614471435544
2019-09-16,53.009891510009766,53.131873321533206
2019-09-17,53.2027473449707,53.32472381591797
2019-09-18,53.70175552368164,53.28518981933594
2019-09-19,53.265419006347656,53.18249664306641
2019-09-20,52.486785888671875,53.13331985473633
2019-09-23,52.725433349609375,53.07642822265625
2019-09-24,52.474735260009766,52.930825805664064
2019-09-25,53.282291412353516,52.84693298339844
2019-09-26,53.007484436035156,52.795346069335935
2019-09-27,52.74954605102539,52.84789810180664
2019-09-30,53.99102020263672,53.10101547241211
2019-10-01,54.14047622680664,53.434163665771486
2019-10-02,52.78329849243164,53.33436508178711
2019-10-03,53.2316780090332,53.37920379638672
2019-10-04,54.72385025024414,53.77406463623047
2019-10-07,54.73590087890625,53.923040771484374
2019-10-08,54.09468078613281,53.91388168334961
2019-10-09,54.72868347167969,54.30295867919922
2019-10-10,55.46632766723633,54.74988861083985
2019-10-11,56.941650390625,55.19344863891602
2019-10-14,56.85967254638672,55.61820297241211
2019-10-15,56.72710037231445,56.14468688964844
2019-10-16,56.498077392578125,56.498565673828125
2019-10-17,56.71745681762695,56.74879150390625
2019-10-18,56.9898567199707,56.75843276977539
2019-10-21,57.978206634521484,56.982139587402344
2019-10-22,57.84563446044922,57.2058464050293
2019-10-23,58.62185287475586,57.630601501464845
2019-10-24,58.71826934814453,58.03076400756836
2019-10-25,59.44146728515625,58.52108612060547
2019-10-28,60.03689956665039,58.93282470703125
2019-10-29,58.64837646484375,59.09337310791015
2019-10-30,58.64113998413086,59.09723052978516
2019-10-31,59.96699142456055,59.34697494506836
2019-11-01,61.668888092041016,59.792459106445314
2019-11-04,62.07388687133789,60.19985656738281
2019-11-05,61.98469543457031,60.867120361328126
2019-11-06,62.011207580566406,61.541133880615234
2019-11-07,62.72689437866211,62.09311447143555
2019-11-08,62.89856719970703,62.33905029296875
2019-11-11,63.39665985107422,62.60360488891602
2019-11-12,63.338600158691406,62.874385833740234
2019-11-13,63.94550704956055,63.26124572753906
2019-11-14,63.50300979614258,63.41646881103516
2019-11-15,64.25741577148438,63.688238525390624
2019-11-18,64.58141326904297,63.92518920898438
2019-11-19,64.38555145263672,64.13457946777343
2019-11-20,63.63603210449219,64.07268447875977
2019-11-21,63.350711822509766,64.0422248840332
2019-11-22,63.29508590698242,63.84975891113281
2019-11-25,64.40491485595703,63.814459228515624
2019-11-26,63.9019775390625,63.71774444580078
2019-11-27,64.76033020019531,63.942604064941406
2019-11-29,64.61767578125,64.19599685668945
2019-12-02,63.870540618896484,64.31108779907227
2019-12-03,62.73174285888672,63.976453399658205
2019-12-04,63.285423278808594,63.85314254760742
2019-12-05,64.21385955810547,63.743848419189455
2019-12-06,65.45426177978516,63.91116561889648
2019-12-09,64.53787231445312,64.04463195800781
2019-12-10,64.91507720947266,64.481298828125
2019-12-11,65.4687728881836,64.91796875
2019-12-12,65.6355972290039,65.20231628417969
2019-12-13,66.52779388427734,65.41702270507812
2019-12-16,67.66659545898438,66.04276733398437
2019-12-17,67.79959106445312,66.61967010498047
2019-12-18,67.63760375976562,67.05343627929688
2019-12-19,67.7052993774414,67.46737670898438
2019-12-20,67.5650634765625,67.67483062744141
2019-12-23,68.66761016845703,67.87503356933594
2019-12-24,68.7328872680664,68.06169281005859
2019-12-26,70.09658813476562,68.5534896850586
2019-12-27,70.06998443603516,69.02642669677735
2019-12-30,70.48585510253906,69.61058502197265
2019-12-31,71.0008773803711,70.07723846435547
2020-01-02,72.62083435058594,70.85482788085938
2020-01-03,71.91481018066406,71.21847229003906
2020-01-06,72.48785400390625,71.70204620361328
2020-01-07,72.14693450927734,72.03426208496094
2020-01-08,73.3075180053711,72.49559020996094
2020-01-09,74.86463928222656,72.94435119628906
2020-01-10,75.03385162353516,73.56815948486329
2020-01-13,76.63690185546875,74.39796905517578
2020-01-14,75.60205841064453,75.08899383544922
2020-01-15,75.278076171875,75.48310546875
2020-01-16,76.22105407714844,75.75438842773437
2020-01-17,77.06489562988281,76.16059722900391
2020-01-21,76.54264831542969,76.1417465209961
2020-01-22,76.81585693359375,76.38450622558594
2020-01-23,77.18578338623047,76.76604766845703
2020-01-24,76.96333312988281,76.91450347900391
2020-01-27,74.70021057128906,76.44156646728516
2020-01-28,76.81342315673828,76.49572143554687
2020-01-29,78.42131805419922,76.81681365966797
2020-01-30,78.30767059326172,77.04119110107422
2020-01-31,74.83560943603516,76.61564636230469
2020-02-03,74.63008880615234,76.60162200927735
2020-02-04,77.09390258789062,76.65771789550782
2020-02-05,77.72256469726562,76.5179672241211
2020-02-06,78.63166046142578,76.5827651977539
2020-02-07,77.56285858154297,77.12821502685547
2020-02-10,77.9312515258789,77.78844757080078
2020-02-11,77.4610595703125,77.86187896728515
2020-02-12,79.30059051513672,78.17748413085937
2020-02-13,78.73589324951172,78.19833068847656
2020-02-14,78.7552719116211,78.43681335449219
2020-02-18,77.313232421875,78.3132095336914
2020-02-19,78.43292999267578,78.50758361816406
2020-02-20,77.62828826904297,78.17312316894531
2020-02-21,75.87118530273438,77.60018157958984
2020-02-24,72.26727294921875,76.30258178710938
2020-02-25,69.81941223144531,74.80381774902344
2020-02-26,70.92700958251953,73.3026336669922
2020-02-27,66.2906265258789,71.03510131835938
2020-02-28,66.25186157226562,69.11123657226562
2020-03-02,72.4199447631836,69.14177093505859
2020-03-03,70.11994934082031,69.20187835693359
2020-03-04,73.37242889404297,69.69096221923829
2020-03-05,70.9924545288086,70.63132781982422
2020-03-06,70.0496826171875,71.3908920288086
2020-03-09,64.50927734375,69.80875854492187
2020-03-10,69.15532684326172,69.61583404541015
2020-03-11,66.75353240966797,68.29205474853515
2020-03-12,60.161312103271484,66.12582626342774
2020-03-13,67.36915588378906,65.58972091674805
2020-03-16,58.702308654785156,64.42832717895507
2020-03-17,61.28345489501953,62.85395278930664
2020-03-18,59.78324508666992,61.459895324707034
2020-03-19,59.325172424316406,61.292667388916016
2020-03-20,55.55887985229492,58.93061218261719
2020-03-23,54.37858200073242,58.06586685180664
2020-03-24,59.83414077758789,57.776004028320315
2020-03-25,59.5045280456543,57.72026062011719
2020-03-26,62.635833740234375,58.38239288330078
2020-03-27,60.04256057739258,59.27912902832031
2020-03-30,61.756065368652344,60.754625701904295
2020-03-31,61.63003158569336,61.11380386352539
2020-04-01,58.387229919433594,60.89034423828125
2020-04-02,59.36153030395508,60.23548355102539
2020-04-03,58.5084228515625,59.928656005859374
2020-04-06,63.6125373840332,60.299950408935544
2020-04-07,62.875762939453125,60.5490966796875
2020-04-08,64.48504638671875,61.76865997314453
2020-04-09,64.95037841796875,62.88642959594726
2020-04-13,66.22521209716797,64.42978744506836
2020-04-14,69.56979370117188,65.6212387084961
2020-04-15,68.93480682373047,66.83304748535156
2020-04-16,69.4825439453125,67.83254699707031
2020-04-17,68.53974914550781,68.55042114257813
2020-04-20,67.11709594726562,68.72879791259766
2020-04-21,65.04248809814453,67.82333679199219
2020-04-22,66.91593933105469,67.41956329345703
2020-04-23,66.6565933227539,66.85437316894532
2020-04-24,68.58096313476562,66.86261596679688
2020-04-27,68.6294174194336,67.16508026123047
2020-04-28,67.5169906616211,67.65998077392578
2020-04-29,69.73458099365234,68.22370910644531
2020-04-30,71.20570373535156,69.13353118896484
2020-05-01,70.05935668945312,69.42920989990235
2020-05-04,71.05059814453125,69.91344604492187
2020-05-05,72.11698150634766,70.83344421386718
2020-05-06,72.86104583740234,71.45873718261718
2020-05-07,73.6147689819336,71.9405502319336
2020-05-08,75.36695098876953,73.00206909179687
2020-05-11,76.55287170410156,74.10252380371094
2020-05-12,75.67801666259766,74.81473083496094
2020-05-13,74.76425170898438,75.19537200927735
2020-05-14,75.22357177734375,75.51713256835937
2020-05-15,74.77885437011719,75.3995132446289
2020-05-18,76.54071807861328,75.39708251953125
2020-05-19,76.09842681884766,75.48116455078124
2020-05-20,77.57839965820312,76.043994140625
2020-05-21,77.0000228881836,76.39928436279297
2020-05-22,77.49576568603516,76.94266662597656
2020-05-26,76.97087860107422,77.02869873046875
2020-05-27,77.30622100830078,77.27025756835937
2020-05-28,77.34024810791016,77.22262725830078
2020-05-29,77.26490783691406,77.27560424804688
2020-06-01,78.21512603759766,77.41947631835937
2020-06-02,78.57720184326172,77.74074096679688
2020-06-03,79.0097885131836,78.08145446777344
2020-06-04,78.32933807373047,78.2792724609375
2020-06-05,80.56023406982422,78.93833770751954
2020-06-08,81.03652954101562,79.50261840820312
2020-06-09,83.59550476074219,80.50627899169922
2020-06-10,85.74623107910156,81.85356750488282
2020-06-11,81.62950134277344,82.5136001586914
2020-06-12,82.3342514038086,82.86840362548828
2020-06-15,83.35250091552734,83.33159790039062
2020-06-16,85.56153869628906,83.7248046875
2020-06-17,85.44242858886719,83.66404418945312
2020-06-18,85.47644805908203,84.43343353271484
2020-06-19,84.98799133300781,84.96418151855468
2020-06-22,87.21162414550781,85.73600616455079
2020-06-23,89.07313537597656,86.43832550048828
2020-06-24,87.50080108642578,86.85
2020-06-25,88.66241455078125,87.48719329833985
2020-06-26,85.9382095336914,87.67723693847657
2020-06-29,87.91880798339844,87.81867370605468
2020-06-30,88.65269470214844,87.73458557128906
2020-07-01,88.48502349853516,87.93143005371094
2020-07-02,88.48502349853516,87.89595184326171
2020-07-06,90.85202026367188,88.87871398925782
2020-07-07,90.57010650634766,89.40897369384766
2020-07-08,92.67950439453125,90.21433563232422
2020-07-09,93.07804870605469,91.13294067382813
2020-07-10,93.2408676147461,92.08410949707032
2020-07-13,92.81072235107422,92.47584991455078
2020-07-14,94.34659576416016,93.23114776611328
2020-07-15,94.99545288085938,93.6943374633789
2020-07-16,93.8265380859375,93.84403533935547
2020-07-17,93.63699340820312,93.92326049804687
2020-07-20,95.61030578613281,94.4831771850586
2020-07-21,94.29070281982422,94.47199859619141
2020-07-22,94.55558776855469,94.38402557373047
2020-07-23,90.25176239013672,93.66907043457032
2020-07-24,90.02819061279297,92.94730987548829
2020-07-27,92.16187286376953,92.25762329101562
2020-07-28,90.64788055419922,91.52905883789063
2020-07-29,92.38543701171875,91.09502868652343
2020-07-30,93.50332641601562,91.74534149169922
2020-07-31,103.29206848144531,94.39811706542969
2020-08-03,105.89478302001953,97.14469909667969
2020-08-04,106.60195922851562,100.33551483154297
2020-08-05,106.98837280273438,103.2561019897461
2020-08-06,110.72110748291016,106.699658203125
2020-08-07,108.20377349853516,107.68199920654297
2020-08-10,109.77647399902344,108.45833740234374
2020-08-11,106.51175689697266,108.44029693603515
2020-08-12,110.05158233642578,109.05293884277344
2020-08-13,111.9992446899414,109.30856628417969
2020-08-14,111.89940643310547,110.04769287109374
2020-08-17,111.6072769165039,110.41385345458984
2020-08-18,112.53728485107422,111.61895904541015
2020-08-19,112.6784896850586,112.14434051513672
2020-08-20,115.17877960205078,112.78024749755859
2020-08-21,121.11421966552734,114.62321014404297
2020-08-24,122.56277465820312,116.8143096923828
2020-08-25,121.55728912353516,118.618310546875
2020-08-26,123.21035766601562,120.72468414306641
2020-08-27,121.73746490478516,122.03642120361329
2020-08-28,121.5402603149414,122.12162933349609
2020-08-31,125.6619644165039,122.74146728515625
2020-09-01,130.66738891601562,124.56348724365235
2020-09-02,127.96016693115234,125.5134490966797
2020-09-03,117.7155532836914,124.70906677246094
2020-09-04,117.7934799194336,123.95971069335937
2020-09-08,109.8665771484375,120.80063323974609
2020-09-09,114.24876403808594,117.51690826416015
2020-09-10,110.51902770996094,114.02868041992187
2020-09-11,109.06803894042969,112.29917755126954
2020-09-14,112.3400650024414,111.2084945678711
2020-09-15,112.51537322998047,111.73825378417969
2020-09-16,109.19462585449219,110.72742614746093
2020-09-17,107.45149230957031,110.11391906738281
2020-09-18,104.04312133789062,109.108935546875
2020-09-21,107.19829559326172,108.08058166503906
2020-09-22,108.88301086425781,107.35410919189454
2020-09-23,104.3157730102539,106.37833862304687
2020-09-24,105.3869857788086,105.96543731689454
2020-09-25,109.3406982421875,107.0249526977539
2020-09-28,111.95054626464844,107.97540283203125
2020-09-29,111.10333251953125,108.41946716308594
2020-09-30,112.7782974243164,110.11197204589844
2020-10-01,113.73265075683594,111.7811050415039
2020-10-02,110.06132507324219,111.92523040771485
2020-10-05,113.45022583007812,112.22516632080078
2020-10-06,110.19767761230469,112.04403533935547
2020-10-07,112.06741333007812,111.90185852050782
2020-10-08,111.96025848388672,111.54738006591796
2020-10-09,113.90792846679688,112.3167007446289
2020-10-12,121.1434326171875,113.85534210205078
2020-10-13,117.9298095703125,115.40176849365234
2020-10-14,118.01747131347656,116.59178009033204
2020-10-15,117.55001831054688,117.70973205566406
2020-10-16,115.90425872802734,118.10899810791015
2020-10-19,112.94384765625,116.46908111572266
2020-10-20,114.43379211425781,115.76987762451172
2020-10-21,113.810546875,114.92849273681641
2020-10-22,112.71987915039062,113.96246490478515
2020-10-23,112.02845764160156,113.1873046875
2020-10-26,112.0381851196289,113.00617218017578
2020-10-27,113.54761505126953,112.82893676757813
2020-10-28,108.28898620605469,111.72462463378906
2020-10-29,112.30110931396484,111.6408706665039
2020-10-30,106.01023864746094,110.43722686767578
2020-11-02,105.92259979248047,109.2141098022461
2020-11-03,107.54886627197266,108.01436004638671
2020-11-04,111.94081115722656,108.74472503662109
2020-11-05,115.91400909423828,109.46730499267578
2020-11-06,115.7823257446289,111.42172241210938
2020-11-09,113.47037506103516,112.93127746582032
2020-11-10,113.12894439697266,114.04729309082032
2020-11-11,116.56270599365234,114.97167205810547
2020-11-12,116.2895736694336,115.04678497314453
2020-11-13,116.33834075927734,115.15798797607422
2020-11-16,117.35285949707031,115.93448486328126
2020-11-17,116.46515655517578,116.60172729492187
2020-11-18,115.13847351074219,116.31688079833984
2020-11-19,115.73352813720703,116.20567169189454
2020-11-20,114.46537780761719,115.8310791015625
2020-11-23,111.06089782714844,114.57268676757812
2020-11-24,112.34854125976562,113.74936370849609
2020-11-25,113.18746185302734,113.35916137695312
2020-11-27,113.7337417602539,112.9592041015625
2020-11-30,116.13349151611328,113.29282684326172
2020-12-01,119.71357727050781,115.02336273193359
2020-12-02,120.06476593017578,116.56660766601563
2020-12-03,119.92821502685547,117.91475830078124
2020-12-04,119.2551040649414,119.01903076171875
2020-12-07,120.71833801269531,119.93600006103516
2020-12-08,121.3329086303711,120.2598663330078
2020-12-09,118.79660034179688,120.00623321533203
2020-12-10,120.22084045410156,120.06475830078125
2020-12-11,119.41116333007812,120.0959701538086
2020-12-14,118.79660034179688,119.71162261962891
2020-12-15,124.74716186523438,120.39447326660157
2020-12-16,124.67888641357422,121.57093048095703
2020-12-17,125.54708099365234,122.63617858886718
2020-12-18,123.55707550048828,123.46536102294922
2020-12-21,125.0886001586914,124.72376098632813
2020-12-22,128.64918518066406,125.50416564941406
2020-12-23,127.75171661376953,126.11873168945313
2020-12-24,128.7370147705078,126.75671844482422
2020-12-28,133.34133911132812,128.71357116699218
2020-12-29,131.56593322753906,130.00903778076173
2020-12-30,130.444091796875,130.3680191040039
2020-12-31,129.43934631347656,130.7055450439453
2021-01-04,126.23970031738281,130.20608215332032
2021-01-05,127.80049133300781,129.09791259765626
2021-01-06,123.4985122680664,127.48442840576172
2021-01-07,127.71269226074219,126.93814849853516
2021-01-08,128.81500244140625,126.81327972412109
2021-01-11,125.82022094726562,126.72938385009766
2021-01-12,125.64466857910156,126.2982192993164
2021-01-13,127.68341827392578,127.13520050048828
2021-01-14,125.75193786621094,126.74304962158203
2021-01-15,124.02531433105469,125.78511199951171
2021-01-19,124.69839477539062,125.56074676513671
2021-01-20,128.79547119140625,126.19090728759765
2021-01-21,133.5169219970703,127.35760803222657
2021-01-22,135.6630401611328,129.33982849121094
2021-01-25,139.41871643066406,132.41850891113282
2021-01-26,139.65284729003906,135.4093994140625
2021-01-27,138.5797576904297,137.3662567138672
2021-01-28,133.73155212402344,137.4091827392578
2021-01-29,128.72723388671875,136.022021484375
2021-02-01,130.85379028320312,134.3090362548828
2021-02-02,131.68299865722656,132.7150665283203
2021-02-03,130.65869140625,131.13085327148437
2021-02-04,134.02415466308594,131.1893737792969
2021-02-05,133.60899353027344,132.1657257080078
2021-02-08,133.75550842285156,132.7460693359375
2021-02-09,132.87628173828125,132.98472595214844
2021-02-10,132.27053833007812,133.30709533691407
2021-02-11,132.0165557861328,132.90557556152345
2021-02-12,132.25100708007812,132.63397827148438
2021-02-16,130.12123107910156,131.90712280273436
2021-02-17,127.82539367675781,130.89694519042968
2021-02-18,126.721435546875,129.78712463378906
2021-02-19,126.87774658203125,128.75936279296874
2021-02-22,123.09689331054688,126.9285400390625
2021-02-23,122.96011352539062,125.4963165283203
2021-02-24,122.46188354492188,124.42361450195312
2021-02-25,118.20233917236328,122.71979522705078
2021-02-26,118.46610260009766,121.03746643066407
2021-03-01,124.84565734863281,121.38721923828125
2021-03-02,122.23717498779297,121.24263153076171
2021-03-03,119.24766540527344,120.59978790283203
2021-03-04,117.36215209960938,120.43175048828125
2021-03-05,118.62242126464844,120.4630142211914
2021-03-08,113.67900848388672,118.22968444824218
2021-03-09,118.3000259399414,117.44225463867187
2021-03-10,117.21560668945312,117.03584289550781
2021-03-11,119.14997863769531,117.393408203125
2021-03-12,118.24142456054688,117.31720886230468
2021-03-15,121.13320922851562,118.80804901123047
2021-03-16,122.67681121826172,119.68340606689453
2021-03-17,121.88545989990234,120.61737670898438
2021-03-18,117.7529296875,120.33796691894531
2021-03-19,117.22535705566406,120.13475341796875
2021-03-22,120.54703521728516,120.01751861572265
2021-03-23,119.71662902832031,119.42548217773438
2021-03-24,117.32306671142578,118.51300354003907
2021-03-25,117.81155395507812,118.52472839355468
2021-03-26,118.41726684570312,118.7631103515625
2021-03-29,118.59310913085938,118.37232513427735
2021-03-30,117.1374282836914,117.85648498535156
2021-03-31,119.33560943603516,118.25899353027344
2021-04-01,120.16602325439453,118.72988739013672
2021-04-05,122.99918365478516,119.64627075195312
2021-04-06,123.30206298828125,120.5880615234375
2021-04-07,124.95313262939453,122.15120239257813
2021-04-08,127.35643768310547,123.75536804199218
2021-04-09,129.93560791015625,125.70928497314453
2021-04-12,128.21617126464844,126.75268249511718
2021-04-13,131.3326873779297,128.3588073730469
2021-04-14,128.98793029785156,129.16576690673827
2021-04-15,131.40109252929688,129.97469787597657
2021-04-16,131.06887817382812,130.20135192871095
2021-04-19,131.7332000732422,130.90475769042968
2021-04-20,130.04307556152344,130.64683532714844
2021-04-21,130.424072265625,130.93406372070314
2021-04-22,128.9000244140625,130.43385009765626
2021-04-23,131.2252197265625,130.46511840820312
2021-04-26,131.61598205566406,130.4416748046875
2021-04-27,131.29360961914062,130.69178161621093
2021-04-28,130.50225830078125,130.7074188232422
2021-04-29,130.404541015625,131.0083221435547
2021-04-30,128.4311065673828,130.44949951171876
2021-05-03,129.48619079589844,130.02354125976564
2021-05-04,124.90426635742188,128.74567260742188
2021-05-05,125.14852905273438,127.6749267578125
2021-05-06,126.75071716308594,126.94416198730468
2021-05-07,127.42596435546875,126.74313354492188
2021-05-10,124.13782501220703,125.6734603881836
2021-05-11,123.21792602539062,125.33619232177735
2021-05-12,120.14505767822266,124.335498046875
2021-05-13,122.29802703857422,123.44496002197266
2021-05-14,124.72498321533203,122.9047637939453
2021-05-17,123.57022094726562,122.79124298095704
2021-05-18,122.1805648803711,122.58377075195312
2021-05-19,122.02400970458984,122.95956115722656
2021-05-20,124.5879898071289,123.4175537109375
2021-05-21,122.7481918334961,123.0221954345703
2021-05-24,124.3824691772461,123.18464508056641
2021-05-25,124.18673706054688,123.58587951660157
2021-05-26,124.13782501220703,124.008642578125
2021-05-27,122.60137939453125,123.61132049560547
2021-05-28,121.94571685791016,123.45082550048828
2021-06-01,121.62277221679688,122.89888610839844
2021-06-02,122.38607788085938,122.53875427246093
2021-06-03,120.89859008789062,121.89090728759766
2021-06-04,123.1983413696289,122.01029968261719
2021-06-07,123.2081069946289,122.26277770996094
2021-06-08,124.03016662597656,122.74425659179687
2021-06-09,124.41182708740234,123.14940643310547
2021-06-10,123.41362762451172,123.65241394042968
2021-06-11,124.62712860107422,123.93817138671875
2021-06-14,127.6902084350586,124.83459167480468
2021-06-15,126.8681640625,125.40219116210938
2021-06-16,127.3672103881836,125.99326782226562
2021-06-17,128.97216796875,127.10497589111328
2021-06-18,127.67066192626953,127.71368255615235
2021-06-21,129.47129821777344,128.0699005126953
2021-06-22,131.11537170410156,128.91934204101562
2021-06-23,130.84133911132812,129.61416778564453
2021-06-24,130.5575408935547,129.93124237060547
2021-06-25,130.2639617919922,130.44990234375
2021-06-28,131.89828491210938,130.9352996826172
2021-06-29,133.4151153564453,131.39524841308594
2021-06-30,134.0316925048828,132.03331909179687
2021-07-01,134.33502197265625,132.7888153076172
2021-07-02,136.96751403808594,134.12952575683593
2021-07-06,138.9834747314453,135.54656372070312
2021-07-07,141.4789276123047,137.159326171875
2021-07-08,140.1774139404297,138.3884704589844
2021-07-09,142.00741577148438,139.92294921875
2021-07-12,141.41041564941406,140.81152954101563
2021-07-13,142.52606201171875,141.52004699707032
2021-07-14,145.9609832763672,142.4164581298828
2021-07-15,145.30532836914062,143.442041015625
2021-07-16,143.26002502441406,143.69256286621095
2021-07-19,139.40423583984375,143.29132690429688
2021-07-20,143.02517700195312,143.39114990234376
2021-07-21,142.29119873046875,142.65719299316407
2021-07-22,143.6613006591797,142.32838745117186
2021-07-23,145.3836212158203,142.75310668945312
2021-07-26,145.80445861816406,144.03315124511718
2021-07-27,143.63189697265625,144.1544952392578
2021-07-28,141.88015747070312,144.0722869873047
2021-07-29,142.52606201171875,143.8452392578125
2021-07-30,142.7413787841797,143.31679077148436
2021-08-02,142.40866088867188,142.63763122558595
2021-08-03,144.20925903320312,142.75310363769532
2021-08-04,143.80804443359375,143.13868103027343
2021-08-05,143.91571044921875,143.41661071777344
2021-08-06,143.22964477539062,143.51426391601564
2021-08-09,143.1806640625,143.66866455078124
2021-08-10,142.700439453125,143.3669006347656
2021-08-11,142.9552459716797,143.19634094238282
2021-08-12,145.9248809814453,143.59817504882812
2021-08-13,146.13072204589844,144.1783905029297
2021-08-16,148.11045837402344,145.1643493652344
2021-08-17,147.19900512695312,146.0640625
2021-08-18,143.44528198242188,146.16206970214844
2021-08-19,143.77847290039062,145.7327880859375
2021-08-20,145.2388153076172,145.55440673828124
2021-08-23,146.72857666015625,145.2780303955078
2021-08-24,146.64035034179688,145.16629943847656
2021-08-25,145.4053955078125,145.55832214355468
2021-08-26,144.6017608642578,145.7229797363281
2021-08-27,145.64065551757812,145.8033477783203
2021-08-30,150.07064819335938,146.47176208496094
2021-08-31,148.8063201904297,146.9049560546875
2021-09-01,149.47280883789062,147.71843872070312
2021-09-02,150.590087890625,148.91610412597657
2021-09-03,151.22711181640625,150.03339538574218
2021-09-07,153.569580078125,150.73318176269532
2021-09-08,152.02101135253906,151.3761199951172
2021-09-09,151.00172424316406,151.68190307617186
2021-09-10,146.00328063964844,150.76454162597656
2021-09-13,146.57171630859375,149.83346252441407
2021-09-14,145.1702117919922,148.1535888671875
2021-09-15,146.0620880126953,146.96180419921876
2021-09-16,145.8268585205078,145.9268310546875
2021-09-17,143.15122985839844,145.3564208984375
2021-09-20,140.09341430664062,144.06076049804688
2021-09-21,140.57362365722656,143.14144287109374
2021-09-22,142.94544982910156,142.518115234375
2021-09-23,143.90591430664062,142.13392639160156
2021-09-24,143.99412536621094,142.30250549316406
2021-09-27,142.4749755859375,142.77881774902343
2021-09-28,139.08387756347656,142.48086853027343
2021-09-29,139.985595703125,141.88889770507814
2021-09-30,138.68203735351562,140.84412231445313
2021-10-01,139.80914306640625,140.0071258544922
2021-10-04,136.3690643310547,138.78594360351562
2021-10-05,138.29981994628906,138.62913208007814
2021-10-06,139.17208862304688,138.4664306640625
2021-10-07,140.4364013671875,138.8173034667969
2021-10-08,140.05416870117188,138.86630859375
2021-10-11,139.9659423828125,139.58568420410157
2021-10-12,138.6918487548828,139.66408996582032
2021-10-13,138.1038055419922,139.45043334960937
2021-10-14,140.8970184326172,139.5425567626953
2021-10-15,141.95555114746094,139.92283325195314
2021-10-18,143.6314697265625,140.65593872070312
2021-10-19,145.79747009277344,142.07706298828126
2021-10-20,146.2874755859375,143.71379699707032
2021-10-21,146.50314331054688,144.83502197265625
2021-10-22,145.7288360595703,145.5896789550781
2021-10-25,145.6798858642578,145.99936218261718
2021-10-26,146.34629821777344,146.1091278076172
2021-10-27,145.88571166992188,146.02877502441407
2021-10-28,149.5316162109375,146.63446960449218
2021-10-29,146.8167724609375,146.85205688476563
2021-11-01,145.99349975585938,146.91477966308594
2021-11-02,147.03237915039062,147.05199584960937
2021-11-03,148.47312927246094,147.5694793701172
2021-11-04,147.9536590576172,147.25388793945314
2021-11-05,148.4836883544922,147.58727111816407
2021-11-08,147.65921020507812,147.9204132080078
2021-11-09,148.02232360839844,148.11840209960937
2021-11-10,145.185791015625,147.4609344482422
2021-11-11,145.1366729736328,146.8975372314453
2021-11-12,147.21749877929688,146.64429931640626
2021-11-15,147.2273406982422,146.55792541503905
2021-11-16,148.20884704589844,146.59523010253906
2021-11-17,150.65283203125,147.68863830566406
2021-11-18,154.95184326171875,149.65167236328125
2021-11-19,157.58229064941406,151.7246307373047
2021-11-22,158.04364013671875,153.887890625
2021-11-23,158.42645263671875,155.93141174316406
2021-11-24,158.9466552734375,157.59017639160157
2021-11-26,153.91140747070312,157.38208923339843
2021-11-29,157.27806091308594,157.3212432861328
2021-11-30,162.24453735351562,158.1614227294922
2021-12-01,161.7243194580078,158.82099609375
2021-12-02,160.7329864501953,159.17826232910156
2021-12-03,158.84849548339844,160.16567993164062
2021-12-06,162.26414489746094,161.16289672851562
2021-12-07,168.0157928466797,162.31714782714843
2021-12-08,171.84373474121094,164.34103088378907
2021-12-09,171.33334350585938,166.4611022949219
2021-12-10,176.13296508789062,169.91799621582032
2021-12-13,172.49154663085938,171.9634765625
2021-12-14,171.10760498046875,172.58183898925782
2021-12-15,175.98574829101562,173.41024169921874
2021-12-16,169.07586669921875,172.95874633789063
2021-12-17,167.9765625,171.3274658203125
2021-12-20,166.61227416992188,170.151611328125
2021-12-21,169.79237365722656,169.88856506347656
2021-12-22,172.39337158203125,169.1700897216797
2021-12-23,173.02159118652344,169.95923461914063
2021-12-27,176.99671936035156,171.76326599121094
2021-12-28,175.9759063720703,173.63599243164063
2021-12-29,176.0642547607422,174.89036865234374
2021-12-30,174.90606689453125,175.39290771484374
2021-12-31,174.2877197265625,175.64613342285156
